{
    "xuxemons": [
        {
            "id": 1,
            "name": "Apleki",
            "tipo": "Tierra",
            "tamano": "small",
            "comidas": 0,
            "archivo": "apleki.png",
            "created_at": null,
            "updated_at": null
        },
        {
            "id": 2,
            "name": "Avecrem",
            "tipo": "Aire",
            "tamano": "medium",
            "comidas": 0,
            "archivo": "avecrem.png",
            "created_at": null,
            "updated_at": null
        },
        {
            "id": 3,
            "name": "Bambino",
            "tipo": "Tierra",
            "tamano": "large",
            "comidas": 0,
            "archivo": "bambino.png",
            "created_at": null,
            "updated_at": null
        },
        {
            "id": 4,
            "name": "Beeboo",
            "tipo": "Aire",
            "tamano": "small",
            "comidas": 0,
            "archivo": "beeboo.png",
            "created_at": null,
            "updated_at": null
        },
        {
            "id": 5,
            "name": "Boo-hoot",
            "tipo": "Aire",
            "tamano": "small",
            "comidas": 0,
            "archivo": "boo-hoot.png",
            "created_at": null,
            "updated_at": null
        },
        {
            "id": 6,
            "name": "Cabrales",
            "tipo": "Tierra",
            "tamano": "small",
            "comidas": 0,
            "archivo": "cabrales.png",
            "created_at": null,
            "updated_at": null
        },
        {
            "id": 7,
            "name": "Catua",
            "tipo": "Aire",
            "tamano": "small",
            "comidas": 0,
            "archivo": "catua.png",
            "created_at": null,
            "updated_at": null
        },
        {
            "id": 8,
            "name": "Catyuska",
            "tipo": "Aire",
            "tamano": "small",
            "comidas": 0,
            "archivo": "catyuska.png",
            "created_at": null,
            "updated_at": null
        },
        {
            "id": 9,
            "name": "Chapapá",
            "tipo": "Agua",
            "tamano": "small",
            "comidas": 0,
            "archivo": "chapapa.png",
            "created_at": null,
            "updated_at": null
        },
        {
            "id": 10,
            "name": "Chopper",
            "tipo": "Tierra",
            "tamano": "small",
            "comidas": 0,
            "archivo": "chopper.png",
            "created_at": null,
            "updated_at": null
        },
        {
            "id": 11,
            "name": "Cuellilargui",
            "tipo": "Tierra",
            "tamano": "small",
            "comidas": 0,
            "archivo": "cuellilargui.png",
            "created_at": null,
            "updated_at": null
        },
        {
            "id": 12,
            "name": "Deskangoo",
            "tipo": "Tierra",
            "tamano": "small",
            "comidas": 0,
            "archivo": "deskangoo.png",
            "created_at": null,
            "updated_at": null
        },
        {
            "id": 13,
            "name": "Doflamingo",
            "tipo": "Aire",
            "tamano": "small",
            "comidas": 0,
            "archivo": "doflamingo.png",
            "created_at": null,
            "updated_at": null
        },
        {
            "id": 14,
            "name": "Dolly",
            "tipo": "Tierra",
            "tamano": "small",
            "comidas": 0,
            "archivo": "dolly.png",
            "created_at": null,
            "updated_at": null
        },
        {
            "id": 15,
            "name": "Elconchudo",
            "tipo": "Agua",
            "tamano": "small",
            "comidas": 0,
            "archivo": "elconchudo.png",
            "created_at": null,
            "updated_at": null
        },
        {
            "id": 16,
            "name": "Eldientes",
            "tipo": "Agua",
            "tamano": "small",
            "comidas": 0,
            "archivo": "eldientes.png",
            "created_at": null,
            "updated_at": null
        },
        {
            "id": 17,
            "name": "Elgominas",
            "tipo": "Tierra",
            "tamano": "small",
            "comidas": 0,
            "archivo": "elgominas.png",
            "created_at": null,
            "updated_at": null
        },
        {
            "id": 18,
            "name": "Flipper",
            "tipo": "Agua",
            "tamano": "small",
            "comidas": 0,
            "archivo": "flipper.png",
            "created_at": null,
            "updated_at": null
        },
        {
            "id": 19,
            "name": "Floppi",
            "tipo": "Tierra",
            "tamano": "small",
            "comidas": 0,
            "archivo": "floppi.png",
            "created_at": null,
            "updated_at": null
        },
        {
            "id": 20,
            "name": "Horseluis",
            "tipo": "Agua",
            "tamano": "small",
            "comidas": 0,
            "archivo": "horseluis.png",
            "created_at": null,
            "updated_at": null
        },
        {
            "id": 21,
            "name": "Krokolisko",
            "tipo": "Agua",
            "tamano": "small",
            "comidas": 0,
            "archivo": "krokolisko.png",
            "created_at": null,
            "updated_at": null
        },
        {
            "id": 22,
            "name": "Kurama",
            "tipo": "Tierra",
            "tamano": "small",
            "comidas": 0,
            "archivo": "kurama.png",
            "created_at": null,
            "updated_at": null
        },
        {
            "id": 23,
            "name": "Ladybug",
            "tipo": "Aire",
            "tamano": "small",
            "comidas": 0,
            "archivo": "ladybug.png",
            "created_at": null,
            "updated_at": null
        },
        {
            "id": 24,
            "name": "Lengualargui",
            "tipo": "Tierra",
            "tamano": "small",
            "comidas": 0,
            "archivo": "lengualargui.png",
            "created_at": null,
            "updated_at": null
        },
        {
            "id": 25,
            "name": "Medusation",
            "tipo": "Agua",
            "tamano": "small",
            "comidas": 0,
            "archivo": "medusation.png",
            "created_at": null,
            "updated_at": null
        },
        {
            "id": 26,
            "name": "Meekmeek",
            "tipo": "Tierra",
            "tamano": "small",
            "comidas": 0,
            "archivo": "meekmeek.png",
            "created_at": null,
            "updated_at": null
        },
        {
            "id": 27,
            "name": "Megalo",
            "tipo": "Agua",
            "tamano": "small",
            "comidas": 0,
            "archivo": "megalo.png",
            "created_at": null,
            "updated_at": null
        },
        {
            "id": 28,
            "name": "Mocha",
            "tipo": "Agua",
            "tamano": "small",
            "comidas": 0,
            "archivo": "mocha.png",
            "created_at": null,
            "updated_at": null
        },
        {
            "id": 29,
            "name": "Murcimurci",
            "tipo": "Aire",
            "tamano": "small",
            "comidas": 0,
            "archivo": "murcimurci.png",
            "created_at": null,
            "updated_at": null
        },
        {
            "id": 30,
            "name": "Nemo",
            "tipo": "Agua",
            "tamano": "small",
            "comidas": 0,
            "archivo": "nemo.png",
            "created_at": null,
            "updated_at": null
        },
        {
            "id": 31,
            "name": "Oinkcelot",
            "tipo": "Tierra",
            "tamano": "small",
            "comidas": 0,
            "archivo": "oinkcelot.png",
            "created_at": null,
            "updated_at": null
        },
        {
            "id": 32,
            "name": "Oreo",
            "tipo": "Tierra",
            "tamano": "small",
            "comidas": 0,
            "archivo": "oreo.png",
            "created_at": null,
            "updated_at": null
        },
        {
            "id": 33,
            "name": "Otto",
            "tipo": "Tierra",
            "tamano": "small",
            "comidas": 0,
            "archivo": "otto.png",
            "created_at": null,
            "updated_at": null
        },
        {
            "id": 34,
            "name": "Pinchimott",
            "tipo": "Agua",
            "tamano": "small",
            "comidas": 0,
            "archivo": "pinchimott.png",
            "created_at": null,
            "updated_at": null
        },
        {
            "id": 35,
            "name": "Pollis",
            "tipo": "Aire",
            "tamano": "small",
            "comidas": 0,
            "archivo": "pollis.png",
            "created_at": null,
            "updated_at": null
        },
        {
            "id": 36,
            "name": "Posón",
            "tipo": "Aire",
            "tamano": "small",
            "comidas": 0,
            "archivo": "poson.png",
            "created_at": null,
            "updated_at": null
        },
        {
            "id": 37,
            "name": "Quakko",
            "tipo": "Agua",
            "tamano": "small",
            "comidas": 0,
            "archivo": "quakko.png",
            "created_at": null,
            "updated_at": null
        },
        {
            "id": 38,
            "name": "Rajoy",
            "tipo": "Aire",
            "tamano": "small",
            "comidas": 0,
            "archivo": "rajoy.png",
            "created_at": null,
            "updated_at": null
        },
        {
            "id": 39,
            "name": "Rawlion",
            "tipo": "Tierra",
            "tamano": "small",
            "comidas": 0,
            "archivo": "rawlion.png",
            "created_at": null,
            "updated_at": null
        },
        {
            "id": 40,
            "name": "Rexxo",
            "tipo": "Tierra",
            "tamano": "small",
            "comidas": 0,
            "archivo": "rexxo.png",
            "created_at": null,
            "updated_at": null
        },
        {
            "id": 41,
            "name": "Ron",
            "tipo": "Tierra",
            "tamano": "small",
            "comidas": 0,
            "archivo": "ron.png",
            "created_at": null,
            "updated_at": null
        },
        {
            "id": 42,
            "name": "Sesssi",
            "tipo": "Tierra",
            "tamano": "small",
            "comidas": 0,
            "archivo": "sesssi.png",
            "created_at": null,
            "updated_at": null
        },
        {
            "id": 43,
            "name": "Shelly",
            "tipo": "Agua",
            "tamano": "small",
            "comidas": 0,
            "archivo": "shelly.png",
            "created_at": null,
            "updated_at": null
        },
        {
            "id": 44,
            "name": "Sirucco",
            "tipo": "Aire",
            "tamano": "small",
            "comidas": 0,
            "archivo": "sirucco.png",
            "created_at": null,
            "updated_at": null
        },
        {
            "id": 45,
            "name": "Torcas",
            "tipo": "Agua",
            "tamano": "small",
            "comidas": 0,
            "archivo": "torcas.png",
            "created_at": null,
            "updated_at": null
        },
        {
            "id": 46,
            "name": "Trompeta",
            "tipo": "Aire",
            "tamano": "small",
            "comidas": 0,
            "archivo": "trompeta.png",
            "created_at": null,
            "updated_at": null
        },
        {
            "id": 47,
            "name": "Trompi",
            "tipo": "Tierra",
            "tamano": "small",
            "comidas": 0,
            "archivo": "trompi.png",
            "created_at": null,
            "updated_at": null
        },
        {
            "id": 48,
            "name": "Tux",
            "tipo": "Agua",
            "tamano": "small",
            "comidas": 0,
            "archivo": "tux.png",
            "created_at": null,
            "updated_at": null
        }
    ]
}